{"cameraMode":{"drawMode":0,"name":"Shaded","section":"Shading Mode"},"sceneLighting":false,"audioPlay":false,"sceneViewState":{"showFog":true,"showMaterialUpdate":false,"showSkybox":false,"showFlares":true,"showImageEffects":true,"showParticleSystems":true,"showVisualEffectGraphs":true,"m_FxEnabled":true},"in2DMode":false,"pivot":{"x":0.014836132526397705,"y":0.00024355202913284302,"z":0.00021252036094665527},"rotation":{"x":-0.3520413637161255,"y":-0.3273012340068817,"z":0.1332467943429947,"w":-0.8670167922973633},"size":0.22675801813602448,"orthographic":false}