{"cameraMode":{"drawMode":0,"name":"Shaded","section":"Shading Mode"},"sceneLighting":false,"audioPlay":false,"sceneViewState":{"showFog":true,"showMaterialUpdate":false,"showSkybox":false,"showFlares":true,"showImageEffects":true,"showParticleSystems":true,"showVisualEffectGraphs":true,"m_FxEnabled":true},"in2DMode":false,"pivot":{"x":0.46232423186302187,"y":1.0009902715682984,"z":0.15022189915180207},"rotation":{"x":-0.048010218888521197,"y":0.9507197141647339,"z":-0.24025169014930726,"w":-0.19050848484039308},"size":2.039217710494995,"orthographic":false}