{"cameraMode":{"drawMode":0,"name":"Shaded","section":"Shading Mode"},"sceneLighting":false,"audioPlay":false,"sceneViewState":{"showFog":true,"showMaterialUpdate":false,"showSkybox":false,"showFlares":true,"showImageEffects":true,"showParticleSystems":true,"showVisualEffectGraphs":true,"m_FxEnabled":true},"in2DMode":false,"pivot":{"x":-0.038729727268218997,"y":0.8705562353134155,"z":0.5944678783416748},"rotation":{"x":-0.005572299472987652,"y":0.9873030185699463,"z":-0.15527795255184174,"w":-0.035286445170640948},"size":1.7505162954330445,"orthographic":false}