{"cameraMode":{"drawMode":0,"name":"Shaded","section":"Shading Mode"},"sceneLighting":false,"audioPlay":false,"sceneViewState":{"showFog":true,"showMaterialUpdate":false,"showSkybox":false,"showFlares":true,"showImageEffects":true,"showParticleSystems":true,"showVisualEffectGraphs":true,"m_FxEnabled":true},"in2DMode":false,"pivot":{"x":0.03296363353729248,"y":0.9560989141464233,"z":0.5153531432151794},"rotation":{"x":0.2541485130786896,"y":0.3216310739517212,"z":-0.09008026123046875,"w":0.9077455997467041},"size":1.8216015100479127,"orthographic":false}