{"cameraMode":{"drawMode":0,"name":"Shaded","section":"Shading Mode"},"sceneLighting":false,"audioPlay":false,"sceneViewState":{"showFog":true,"showMaterialUpdate":false,"showSkybox":false,"showFlares":true,"showImageEffects":true,"showParticleSystems":true,"showVisualEffectGraphs":true,"m_FxEnabled":true},"in2DMode":false,"pivot":{"x":0.10755246877670288,"y":0.9689669609069824,"z":0.18862181901931764},"rotation":{"x":0.004241973627358675,"y":-0.994455873966217,"z":0.09666558355093003,"w":0.04326525330543518},"size":2.1760010719299318,"orthographic":false}