{"cameraMode":{"drawMode":0,"name":"Shaded","section":"Shading Mode"},"sceneLighting":false,"audioPlay":false,"sceneViewState":{"showFog":true,"showMaterialUpdate":false,"showSkybox":false,"showFlares":true,"showImageEffects":true,"showParticleSystems":true,"showVisualEffectGraphs":true,"m_FxEnabled":true},"in2DMode":false,"pivot":{"x":0.0032936185598373415,"y":0.042524099349975589,"z":-0.5831060409545898},"rotation":{"x":-0.0036876776721328499,"y":-0.9788550734519959,"z":0.2043471783399582,"w":-0.016633670777082444},"size":1.294405221939087,"orthographic":false}