{"cameraMode":{"drawMode":0,"name":"Shaded","section":"Shading Mode"},"sceneLighting":true,"audioPlay":false,"sceneViewState":{"showFog":true,"showMaterialUpdate":false,"showSkybox":true,"showFlares":true,"showImageEffects":true,"showParticleSystems":true,"showVisualEffectGraphs":true,"m_FxEnabled":true},"in2DMode":false,"pivot":{"x":788.71240234375,"y":213.7449951171875,"z":13.565324783325196},"rotation":{"x":-0.028183845803141595,"y":-0.00801826547831297,"z":-0.00027573961415328085,"w":0.9997340440750122},"size":262.2420959472656,"orthographic":false}