{"cameraMode":{"drawMode":0,"name":"Shaded","section":"Shading Mode"},"sceneLighting":false,"audioPlay":false,"sceneViewState":{"showFog":true,"showMaterialUpdate":false,"showSkybox":false,"showFlares":true,"showImageEffects":true,"showParticleSystems":true,"showVisualEffectGraphs":true,"m_FxEnabled":true},"in2DMode":false,"pivot":{"x":-0.2068110853433609,"y":0.8961074948310852,"z":-0.44459035992622378},"rotation":{"x":-0.005572299472987652,"y":0.9873030185699463,"z":-0.15527795255184174,"w":-0.035286445170640948},"size":1.5024676322937012,"orthographic":false}