{"cameraMode":{"drawMode":0,"name":"Shaded","section":"Shading Mode"},"sceneLighting":false,"audioPlay":false,"sceneViewState":{"showFog":true,"showMaterialUpdate":false,"showSkybox":false,"showFlares":true,"showImageEffects":true,"showParticleSystems":true,"showVisualEffectGraphs":true,"m_FxEnabled":true},"in2DMode":false,"pivot":{"x":1.5986480712890626,"y":0.6003292798995972,"z":0.16995054483413697},"rotation":{"x":0.022353652864694597,"y":0.9707643389701843,"z":-0.21758757531642915,"w":0.0996236652135849},"size":2.8987796306610109,"orthographic":false}