{"cameraMode":{"drawMode":0,"name":"Shaded","section":"Shading Mode"},"sceneLighting":false,"audioPlay":false,"sceneViewState":{"showFog":true,"showMaterialUpdate":false,"showSkybox":false,"showFlares":true,"showImageEffects":true,"showParticleSystems":true,"showVisualEffectGraphs":true,"m_FxEnabled":true},"in2DMode":false,"pivot":{"x":-0.0814160704612732,"y":0.9363117218017578,"z":0.4489830434322357},"rotation":{"x":-0.005572299472987652,"y":0.9873030185699463,"z":-0.15527795255184174,"w":-0.035286445170640948},"size":1.9224565029144288,"orthographic":false}