{"cameraMode":{"drawMode":0,"name":"Shaded","section":"Shading Mode"},"sceneLighting":false,"audioPlay":false,"sceneViewState":{"showFog":true,"showMaterialUpdate":false,"showSkybox":false,"showFlares":true,"showImageEffects":true,"showParticleSystems":true,"showVisualEffectGraphs":true,"m_FxEnabled":true},"in2DMode":false,"pivot":{"x":0.05440399423241615,"y":-0.04175002872943878,"z":2.990978479385376},"rotation":{"x":0.28658488392829897,"y":0.1155712902545929,"z":-0.034853626042604449,"w":0.9505903124809265},"size":4.344608783721924,"orthographic":false}