{"cameraMode":{"drawMode":0,"name":"Shaded","section":"Shading Mode"},"sceneLighting":false,"audioPlay":false,"sceneViewState":{"showFog":true,"showMaterialUpdate":false,"showSkybox":false,"showFlares":true,"showImageEffects":true,"showParticleSystems":true,"showVisualEffectGraphs":true,"m_FxEnabled":true},"in2DMode":false,"pivot":{"x":0.04021453857421875,"y":0.6593642234802246,"z":-0.10920202732086182},"rotation":{"x":-0.024612853303551675,"y":0.9649674892425537,"z":-0.2423001080751419,"w":-0.09853924065828324},"size":2.7061357498168947,"orthographic":false}