{"cameraMode":{"drawMode":0,"name":"Shaded","section":"Shading Mode"},"sceneLighting":false,"audioPlay":false,"sceneViewState":{"showFog":true,"showMaterialUpdate":false,"showSkybox":false,"showFlares":true,"showImageEffects":true,"showParticleSystems":true,"showVisualEffectGraphs":true,"m_FxEnabled":true},"in2DMode":false,"pivot":{"x":0.02577686309814453,"y":0.8690487146377564,"z":0.5864555835723877},"rotation":{"x":0.023752104490995408,"y":-0.9278030395507813,"z":-0.05992920324206352,"w":-0.36773040890693667},"size":1.7754714488983155,"orthographic":false}