{"cameraMode":{"drawMode":0,"name":"Shaded","section":"Shading Mode"},"sceneLighting":false,"audioPlay":false,"sceneViewState":{"showFog":true,"showMaterialUpdate":false,"showSkybox":false,"showFlares":true,"showImageEffects":true,"showParticleSystems":true,"showVisualEffectGraphs":true,"m_FxEnabled":true},"in2DMode":false,"pivot":{"x":-0.14071595668792725,"y":0.8883708715438843,"z":-0.7581546306610107},"rotation":{"x":-0.04839198291301727,"y":0.9507931470870972,"z":-0.23570029437541963,"w":-0.19521144032478333},"size":1.4612523317337037,"orthographic":false}