{"cameraMode":{"drawMode":0,"name":"Shaded","section":"Shading Mode"},"sceneLighting":false,"audioPlay":false,"sceneViewState":{"showFog":true,"showMaterialUpdate":false,"showSkybox":false,"showFlares":true,"showImageEffects":true,"showParticleSystems":true,"showVisualEffectGraphs":true,"m_FxEnabled":true},"in2DMode":false,"pivot":{"x":-0.0014074444770812989,"y":0.0011831820011138917,"z":-0.00005799531936645508},"rotation":{"x":-0.20862378180027009,"y":0.27216002345085146,"z":-0.060688260942697528,"w":-0.937500536441803},"size":0.792746365070343,"orthographic":false}