{"cameraMode":{"drawMode":0,"name":"Shaded","section":"Shading Mode"},"sceneLighting":false,"audioPlay":false,"sceneViewState":{"showFog":true,"showMaterialUpdate":false,"showSkybox":false,"showFlares":true,"showImageEffects":true,"showParticleSystems":true,"showVisualEffectGraphs":true,"m_FxEnabled":true},"in2DMode":false,"pivot":{"x":0.10755246877670288,"y":0.9689669609069824,"z":0.18862181901931764},"rotation":{"x":-0.024612853303551675,"y":0.9649674892425537,"z":-0.2423001080751419,"w":-0.09853924065828324},"size":2.1760010719299318,"orthographic":false}