{"cameraMode":{"drawMode":0,"name":"Shaded","section":"Shading Mode"},"sceneLighting":false,"audioPlay":false,"sceneViewState":{"showFog":true,"showMaterialUpdate":false,"showSkybox":false,"showFlares":true,"showImageEffects":true,"showParticleSystems":true,"showVisualEffectGraphs":true,"m_FxEnabled":true},"in2DMode":false,"pivot":{"x":0.41142717003822329,"y":0.46100661158561709,"z":-0.1108321025967598},"rotation":{"x":0.022353652864694597,"y":0.9707643389701843,"z":-0.21758757531642915,"w":0.0996236652135849},"size":3.498779535293579,"orthographic":false}