{"cameraMode":{"drawMode":0,"name":"Shaded","section":"Shading Mode"},"sceneLighting":true,"audioPlay":false,"sceneViewState":{"showFog":true,"showMaterialUpdate":false,"showSkybox":true,"showFlares":true,"showImageEffects":true,"showParticleSystems":true,"showVisualEffectGraphs":true,"m_FxEnabled":true},"in2DMode":false,"pivot":{"x":-16.523574829101564,"y":24.39327621459961,"z":0.00281524658203125},"rotation":{"x":0.4224007725715637,"y":0.07231944799423218,"z":-0.03387415409088135,"w":0.9033375978469849},"size":13.24009895324707,"orthographic":false}