{"cameraMode":{"drawMode":0,"name":"Shaded","section":"Shading Mode"},"sceneLighting":false,"audioPlay":false,"sceneViewState":{"showFog":true,"showMaterialUpdate":false,"showSkybox":false,"showFlares":true,"showImageEffects":true,"showParticleSystems":true,"showVisualEffectGraphs":true,"m_FxEnabled":true},"in2DMode":false,"pivot":{"x":0.18121260404586793,"y":1.2920819520950318,"z":-0.15301525592803956},"rotation":{"x":-0.07127390056848526,"y":-0.9160163402557373,"z":0.34731432795524599,"w":-0.18810321390628816},"size":1.4612523317337037,"orthographic":false}