{"cameraMode":{"drawMode":0,"name":"Shaded","section":"Shading Mode"},"sceneLighting":false,"audioPlay":false,"sceneViewState":{"showFog":true,"showMaterialUpdate":false,"showSkybox":false,"showFlares":true,"showImageEffects":true,"showParticleSystems":true,"showVisualEffectGraphs":true,"m_FxEnabled":true},"in2DMode":false,"pivot":{"x":0.1278778612613678,"y":0.26454395055770876,"z":-0.1010732650756836},"rotation":{"x":0.004241973627358675,"y":-0.994455873966217,"z":0.09666558355093003,"w":0.04326525330543518},"size":1.5834381580352784,"orthographic":false}