{"cameraMode":{"drawMode":0,"name":"Shaded","section":"Shading Mode"},"sceneLighting":false,"audioPlay":false,"sceneViewState":{"showFog":true,"showMaterialUpdate":false,"showSkybox":false,"showFlares":true,"showImageEffects":true,"showParticleSystems":true,"showVisualEffectGraphs":true,"m_FxEnabled":true},"in2DMode":false,"pivot":{"x":-0.27542251348495486,"y":0.060340870171785358,"z":-0.8719138503074646},"rotation":{"x":-0.05657525733113289,"y":0.9351237416267395,"z":-0.3031580150127411,"w":-0.17451529204845429},"size":2.1760010719299318,"orthographic":false}