{"cameraMode":{"drawMode":0,"name":"Shaded","section":"Shading Mode"},"sceneLighting":false,"audioPlay":false,"sceneViewState":{"showFog":true,"showMaterialUpdate":false,"showSkybox":false,"showFlares":true,"showImageEffects":true,"showParticleSystems":true,"showVisualEffectGraphs":true,"m_FxEnabled":true},"in2DMode":false,"pivot":{"x":-0.32576942443847659,"y":1.2036975622177125,"z":-0.7481250762939453},"rotation":{"x":-0.024612853303551675,"y":0.9649674892425537,"z":-0.2423001080751419,"w":-0.09853924065828324},"size":1.4612523317337037,"orthographic":false}