{"cameraMode":{"drawMode":0,"name":"Shaded","section":"Shading Mode"},"sceneLighting":false,"audioPlay":false,"sceneViewState":{"showFog":true,"showMaterialUpdate":false,"showSkybox":false,"showFlares":true,"showImageEffects":true,"showParticleSystems":true,"showVisualEffectGraphs":true,"m_FxEnabled":true},"in2DMode":false,"pivot":{"x":373.5928955078125,"y":195.0003204345703,"z":2.0441761016845705},"rotation":{"x":0.033298559486866,"y":0.019803280010819436,"z":-0.0006267194985412061,"w":0.9992850422859192},"size":229.50611877441407,"orthographic":false}