{"cameraMode":{"drawMode":0,"name":"Shaded","section":"Shading Mode"},"sceneLighting":false,"audioPlay":false,"sceneViewState":{"showFog":true,"showMaterialUpdate":false,"showSkybox":false,"showFlares":true,"showImageEffects":true,"showParticleSystems":true},"in2DMode":false,"pivot":{"x":513.9898681640625,"y":393.08819580078127,"z":13.011777877807618},"rotation":{"x":0.5010494589805603,"y":-0.22573910653591157,"z":0.13767842948436738,"w":0.8242189884185791},"size":8.273762702941895,"orthographic":false}