{"cameraMode":{"drawMode":0,"name":"Shaded","section":"Shading Mode"},"sceneLighting":false,"audioPlay":false,"sceneViewState":{"showFog":true,"showMaterialUpdate":false,"showSkybox":false,"showFlares":true,"showImageEffects":true,"showParticleSystems":true},"in2DMode":false,"pivot":{"x":0.03680126368999481,"y":2.1741487979888918,"z":-0.949202299118042},"rotation":{"x":0.2588188946247101,"y":-0.6843621730804443,"z":0.28646916151046755,"w":0.6187522411346436},"size":5.177621364593506,"orthographic":false}