{"cameraMode":{"drawMode":0,"name":"Shaded","section":"Shading Mode"},"sceneLighting":false,"audioPlay":false,"sceneViewState":{"showFog":true,"showMaterialUpdate":false,"showSkybox":false,"showFlares":true,"showImageEffects":true,"showParticleSystems":true},"in2DMode":false,"pivot":{"x":37.714454650878909,"y":36.18339920043945,"z":-0.46651899814605715},"rotation":{"x":-0.3580619692802429,"y":-0.023248441517353059,"z":0.00891880877315998,"w":-0.9333661198616028},"size":4.330127239227295,"orthographic":false}