{"cameraMode":{"drawMode":0,"name":"Shaded","section":"Shading Mode"},"sceneLighting":false,"audioPlay":false,"sceneViewState":{"showFog":true,"showMaterialUpdate":false,"showSkybox":false,"showFlares":true,"showImageEffects":true,"showParticleSystems":true,"showVisualEffectGraphs":true,"m_FxEnabled":true},"in2DMode":false,"pivot":{"x":-0.20282739400863648,"y":0.9063043594360352,"z":0.26397716999053957},"rotation":{"x":0.004241973627358675,"y":-0.994455873966217,"z":0.09666558355093003,"w":0.04326525330543518},"size":2.666372776031494,"orthographic":false}