{"cameraMode":{"drawMode":0,"name":"Shaded","section":"Shading Mode"},"sceneLighting":false,"audioPlay":false,"sceneViewState":{"showFog":true,"showMaterialUpdate":false,"showSkybox":false,"showFlares":true,"showImageEffects":true,"showParticleSystems":true,"showVisualEffectGraphs":true,"m_FxEnabled":true},"in2DMode":false,"pivot":{"x":-0.004958108067512512,"y":0.43974974751472475,"z":-0.0047534555196762089},"rotation":{"x":-0.20862378180027009,"y":0.27216002345085146,"z":-0.060688260942697528,"w":-0.937500536441803},"size":0.548003613948822,"orthographic":false}