{"cameraMode":{"drawMode":0,"name":"Shaded","section":"Shading Mode"},"sceneLighting":false,"audioPlay":false,"sceneViewState":{"showFog":true,"showMaterialUpdate":false,"showSkybox":false,"showFlares":true,"showImageEffects":true,"showParticleSystems":true,"showVisualEffectGraphs":true,"m_FxEnabled":true},"in2DMode":false,"pivot":{"x":0.11326819658279419,"y":0.8708374500274658,"z":-0.15722811222076417},"rotation":{"x":0.004241973627358675,"y":-0.994455873966217,"z":0.09666558355093003,"w":0.04326525330543518},"size":2.7061357498168947,"orthographic":false}