{"cameraMode":{"drawMode":0,"name":"Shaded","section":"Shading Mode"},"sceneLighting":false,"audioPlay":false,"sceneViewState":{"showFog":true,"showMaterialUpdate":false,"showSkybox":false,"showFlares":true,"showImageEffects":true,"showParticleSystems":true,"showVisualEffectGraphs":true,"m_FxEnabled":true},"in2DMode":false,"pivot":{"x":0.5328781604766846,"y":1.4833317995071412,"z":-0.9248199462890625},"rotation":{"x":0.004241973627358675,"y":-0.994455873966217,"z":0.09666558355093003,"w":0.04326525330543518},"size":2.6922953128814699,"orthographic":false}