{"cameraMode":{"drawMode":0,"name":"Shaded","section":"Shading Mode"},"sceneLighting":true,"audioPlay":false,"sceneViewState":{"showFog":true,"showMaterialUpdate":false,"showSkybox":true,"showFlares":true,"showImageEffects":true,"showParticleSystems":true,"showVisualEffectGraphs":true,"m_FxEnabled":true},"in2DMode":false,"pivot":{"x":13.80141830444336,"y":53.25926208496094,"z":-47.86385726928711},"rotation":{"x":0.40528613328933718,"y":-0.07905711978673935,"z":0.034642867743968967,"w":0.9103527665138245},"size":3.3879716396331789,"orthographic":false}