{"cameraMode":{"drawMode":0,"name":"Shaded","section":"Shading Mode"},"sceneLighting":true,"audioPlay":false,"sceneViewState":{"showFog":true,"showMaterialUpdate":false,"showSkybox":true,"showFlares":true,"showImageEffects":true,"showParticleSystems":true,"showVisualEffectGraphs":true,"m_FxEnabled":true},"in2DMode":false,"pivot":{"x":115.03694152832031,"y":-85.16242980957031,"z":228.50486755371095},"rotation":{"x":0.16224855184555055,"y":0.29713284969329836,"z":-0.05130996182560921,"w":0.939553439617157},"size":170.75100708007813,"orthographic":false}