{"cameraMode":{"drawMode":0,"name":"Shaded","section":"Shading Mode"},"sceneLighting":false,"audioPlay":false,"sceneViewState":{"showFog":true,"showMaterialUpdate":false,"showSkybox":false,"showFlares":true,"showImageEffects":true,"showParticleSystems":true,"showVisualEffectGraphs":true,"m_FxEnabled":true},"in2DMode":false,"pivot":{"x":0.08335739374160767,"y":0.9920083284378052,"z":0.3792499899864197},"rotation":{"x":0.023752104490995408,"y":-0.9278030395507813,"z":-0.05992920324206352,"w":-0.36773040890693667},"size":1.8030704259872437,"orthographic":false}